Year,HFO,LNG,NH3,H2
2020,406.78,435.1114417,393,6347.438754
2030,517.72,523.7756601,419,5233.853007
2040,628.66,612.4398784,441,4231.625835
2050,739.60,701.1040968,459,3340.757238
